,acc_ours,acc_yeaz,t1,t2,num_cells1,num_cells2,timediff
0,1.0,1.0,0,1,2,2,5
1,1.0,1.0,0,2,2,2,10
2,1.0,0.3333333333333333,0,3,2,3,15
3,1.0,0.3333333333333333,0,4,2,3,20
4,1.0,0.3333333333333333,0,5,2,3,25
5,1.0,0.3333333333333333,0,6,2,3,30
6,1.0,0.3333333333333333,0,7,2,3,35
7,1.0,0.3333333333333333,0,8,2,3,40
8,1.0,0.3333333333333333,0,9,2,3,45
9,1.0,1.0,1,2,2,2,5
10,1.0,0.3333333333333333,1,3,2,3,10
11,1.0,0.3333333333333333,1,4,2,3,15
12,1.0,0.3333333333333333,1,5,2,3,20
13,1.0,0.3333333333333333,1,6,2,3,25
14,1.0,0.3333333333333333,1,7,2,3,30
15,1.0,0.3333333333333333,1,8,2,3,35
16,1.0,1.0,1,9,2,3,40
17,1.0,0.3333333333333333,1,10,2,3,45
18,1.0,1.0,2,3,2,3,5
19,1.0,1.0,2,4,2,3,10
20,1.0,1.0,2,5,2,3,15
21,1.0,1.0,2,6,2,3,20
22,1.0,1.0,2,7,2,3,25
23,1.0,1.0,2,8,2,3,30
24,1.0,1.0,2,9,2,3,35
25,1.0,1.0,2,10,2,3,40
26,1.0,1.0,2,11,2,3,45
27,1.0,1.0,3,4,3,3,5
28,1.0,1.0,3,5,3,3,10
29,1.0,1.0,3,6,3,3,15
30,1.0,1.0,3,7,3,3,20
31,1.0,1.0,3,8,3,3,25
32,1.0,1.0,3,9,3,3,30
33,1.0,1.0,3,10,3,3,35
34,1.0,1.0,3,11,3,3,40
35,1.0,1.0,3,12,3,3,45
36,1.0,1.0,4,5,3,3,5
37,1.0,1.0,4,6,3,3,10
38,1.0,1.0,4,7,3,3,15
39,1.0,1.0,4,8,3,3,20
40,1.0,1.0,4,9,3,3,25
41,1.0,1.0,4,10,3,3,30
42,1.0,1.0,4,11,3,3,35
43,1.0,1.0,4,12,3,3,40
44,1.0,1.0,4,13,3,3,45
45,1.0,1.0,5,6,3,3,5
46,1.0,1.0,5,7,3,3,10
47,1.0,1.0,5,8,3,3,15
48,1.0,1.0,5,9,3,3,20
49,1.0,1.0,5,10,3,3,25
50,1.0,1.0,5,11,3,3,30
51,1.0,1.0,5,12,3,3,35
52,1.0,1.0,5,13,3,3,40
53,1.0,1.0,5,14,3,3,45
54,1.0,1.0,6,7,3,3,5
55,1.0,1.0,6,8,3,3,10
56,1.0,1.0,6,9,3,3,15
57,1.0,1.0,6,10,3,3,20
58,1.0,1.0,6,11,3,3,25
59,1.0,1.0,6,12,3,3,30
60,1.0,1.0,6,13,3,3,35
61,1.0,1.0,6,14,3,3,40
62,1.0,1.0,6,15,3,3,45
63,1.0,1.0,7,8,3,3,5
64,1.0,1.0,7,9,3,3,10
65,1.0,1.0,7,10,3,3,15
66,1.0,1.0,7,11,3,3,20
67,1.0,1.0,7,12,3,3,25
68,1.0,1.0,7,13,3,3,30
69,1.0,1.0,7,14,3,3,35
70,1.0,1.0,7,15,3,3,40
71,1.0,1.0,7,16,3,3,45
72,1.0,1.0,8,9,3,3,5
73,1.0,1.0,8,10,3,3,10
74,1.0,1.0,8,11,3,3,15
75,1.0,1.0,8,12,3,3,20
76,1.0,1.0,8,13,3,3,25
77,1.0,1.0,8,14,3,3,30
78,1.0,1.0,8,15,3,3,35
79,1.0,1.0,8,16,3,3,40
80,1.0,1.0,8,17,3,3,45
81,1.0,1.0,9,10,3,3,5
82,1.0,1.0,9,11,3,3,10
83,1.0,1.0,9,12,3,3,15
84,1.0,1.0,9,13,3,3,20
85,1.0,1.0,9,14,3,3,25
86,1.0,1.0,9,15,3,3,30
87,1.0,1.0,9,16,3,3,35
88,1.0,1.0,9,17,3,3,40
89,1.0,1.0,9,18,3,3,45
90,1.0,1.0,10,11,3,3,5
91,1.0,1.0,10,12,3,3,10
92,1.0,1.0,10,13,3,3,15
93,1.0,1.0,10,14,3,3,20
94,1.0,1.0,10,15,3,3,25
95,1.0,1.0,10,16,3,3,30
96,1.0,1.0,10,17,3,3,35
97,1.0,1.0,10,18,3,3,40
98,1.0,1.0,10,19,3,3,45
99,1.0,1.0,11,12,3,3,5
100,1.0,1.0,11,13,3,3,10
101,1.0,1.0,11,14,3,3,15
102,1.0,1.0,11,15,3,3,20
103,1.0,1.0,11,16,3,3,25
104,1.0,1.0,11,17,3,3,30
105,1.0,1.0,11,18,3,3,35
106,1.0,1.0,11,19,3,3,40
107,1.0,1.0,11,20,3,3,45
108,1.0,1.0,12,13,3,3,5
109,1.0,1.0,12,14,3,3,10
110,1.0,1.0,12,15,3,3,15
111,1.0,1.0,12,16,3,3,20
112,1.0,1.0,12,17,3,3,25
113,1.0,1.0,12,18,3,3,30
114,1.0,1.0,12,19,3,3,35
115,1.0,1.0,12,20,3,3,40
116,1.0,1.0,12,21,3,3,45
117,1.0,1.0,13,14,3,3,5
118,1.0,1.0,13,15,3,3,10
119,1.0,1.0,13,16,3,3,15
120,1.0,1.0,13,17,3,3,20
121,1.0,1.0,13,18,3,3,25
122,1.0,1.0,13,19,3,3,30
123,1.0,1.0,13,20,3,3,35
124,1.0,1.0,13,21,3,3,40
125,1.0,1.0,13,22,3,3,45
126,1.0,1.0,14,15,3,3,5
127,1.0,1.0,14,16,3,3,10
128,1.0,1.0,14,17,3,3,15
129,1.0,1.0,14,18,3,3,20
130,1.0,1.0,14,19,3,3,25
131,1.0,1.0,14,20,3,3,30
132,1.0,1.0,14,21,3,3,35
133,1.0,1.0,14,22,3,3,40
134,1.0,1.0,14,23,3,4,45
135,1.0,1.0,15,16,3,3,5
136,1.0,1.0,15,17,3,3,10
137,1.0,1.0,15,18,3,3,15
138,1.0,1.0,15,19,3,3,20
139,1.0,1.0,15,20,3,3,25
140,1.0,1.0,15,21,3,3,30
141,1.0,1.0,15,22,3,3,35
142,1.0,1.0,15,23,3,4,40
143,1.0,1.0,15,24,3,4,45
144,1.0,1.0,16,17,3,3,5
145,1.0,1.0,16,18,3,3,10
146,1.0,1.0,16,19,3,3,15
147,1.0,1.0,16,20,3,3,20
148,1.0,1.0,16,21,3,3,25
149,1.0,1.0,16,22,3,3,30
150,1.0,1.0,16,23,3,4,35
151,1.0,1.0,16,24,3,4,40
152,1.0,1.0,16,25,3,4,45
153,1.0,1.0,17,18,3,3,5
154,1.0,1.0,17,19,3,3,10
155,1.0,1.0,17,20,3,3,15
156,1.0,1.0,17,21,3,3,20
157,1.0,1.0,17,22,3,3,25
158,1.0,1.0,17,23,3,4,30
159,1.0,1.0,17,24,3,4,35
160,1.0,1.0,17,25,3,4,40
161,1.0,1.0,17,26,3,4,45
162,1.0,1.0,18,19,3,3,5
163,1.0,1.0,18,20,3,3,10
164,1.0,1.0,18,21,3,3,15
165,1.0,1.0,18,22,3,3,20
166,1.0,1.0,18,23,3,4,25
167,1.0,1.0,18,24,3,4,30
168,1.0,1.0,18,25,3,4,35
169,1.0,1.0,18,26,3,4,40
170,1.0,1.0,18,27,3,4,45
171,1.0,1.0,19,20,3,3,5
172,1.0,1.0,19,21,3,3,10
173,1.0,1.0,19,22,3,3,15
174,1.0,1.0,19,23,3,4,20
175,1.0,1.0,19,24,3,4,25
176,1.0,1.0,19,25,3,4,30
177,1.0,1.0,19,26,3,4,35
178,1.0,1.0,19,27,3,4,40
179,1.0,1.0,19,28,3,4,45
180,1.0,1.0,20,21,3,3,5
181,1.0,1.0,20,22,3,3,10
182,1.0,1.0,20,23,3,4,15
183,1.0,1.0,20,24,3,4,20
184,1.0,1.0,20,25,3,4,25
185,1.0,1.0,20,26,3,4,30
186,1.0,1.0,20,27,3,4,35
187,1.0,1.0,20,28,3,4,40
188,1.0,1.0,20,29,3,4,45
189,1.0,1.0,21,22,3,3,5
190,1.0,1.0,21,23,3,4,10
191,1.0,1.0,21,24,3,4,15
192,1.0,1.0,21,25,3,4,20
193,1.0,1.0,21,26,3,4,25
194,1.0,1.0,21,27,3,4,30
195,1.0,1.0,21,28,3,4,35
196,1.0,1.0,21,29,3,4,40
197,1.0,1.0,21,30,3,5,45
198,1.0,1.0,22,23,3,4,5
199,1.0,1.0,22,24,3,4,10
200,1.0,1.0,22,25,3,4,15
201,1.0,1.0,22,26,3,4,20
202,1.0,1.0,22,27,3,4,25
203,1.0,1.0,22,28,3,4,30
204,1.0,1.0,22,29,3,4,35
205,1.0,1.0,22,30,3,5,40
206,1.0,1.0,22,31,3,5,45
207,1.0,1.0,23,24,4,4,5
208,1.0,1.0,23,25,4,4,10
209,1.0,1.0,23,26,4,4,15
210,1.0,1.0,23,27,4,4,20
211,1.0,1.0,23,28,4,4,25
212,1.0,1.0,23,29,4,4,30
213,1.0,1.0,23,30,4,5,35
214,1.0,1.0,23,31,4,5,40
215,1.0,1.0,23,32,4,5,45
216,1.0,1.0,24,25,4,4,5
217,1.0,1.0,24,26,4,4,10
218,1.0,1.0,24,27,4,4,15
219,1.0,1.0,24,28,4,4,20
220,1.0,1.0,24,29,4,4,25
221,1.0,1.0,24,30,4,5,30
222,1.0,1.0,24,31,4,5,35
223,1.0,1.0,24,32,4,5,40
224,1.0,1.0,24,33,4,5,45
225,1.0,1.0,25,26,4,4,5
226,1.0,1.0,25,27,4,4,10
227,1.0,1.0,25,28,4,4,15
228,1.0,1.0,25,29,4,4,20
229,1.0,1.0,25,30,4,5,25
230,1.0,1.0,25,31,4,5,30
231,1.0,1.0,25,32,4,5,35
232,1.0,1.0,25,33,4,5,40
233,1.0,1.0,25,34,4,6,45
234,1.0,1.0,26,27,4,4,5
235,1.0,1.0,26,28,4,4,10
236,1.0,1.0,26,29,4,4,15
237,1.0,1.0,26,30,4,5,20
238,1.0,1.0,26,31,4,5,25
239,1.0,1.0,26,32,4,5,30
240,1.0,1.0,26,33,4,5,35
241,1.0,1.0,26,34,4,6,40
242,1.0,1.0,26,35,4,6,45
243,1.0,1.0,27,28,4,4,5
244,1.0,1.0,27,29,4,4,10
245,1.0,1.0,27,30,4,5,15
246,1.0,1.0,27,31,4,5,20
247,1.0,1.0,27,32,4,5,25
248,1.0,1.0,27,33,4,5,30
249,1.0,1.0,27,34,4,6,35
250,1.0,1.0,27,35,4,6,40
251,1.0,1.0,27,36,4,6,45
252,1.0,1.0,28,29,4,4,5
253,1.0,1.0,28,30,4,5,10
254,1.0,1.0,28,31,4,5,15
255,1.0,1.0,28,32,4,5,20
256,1.0,1.0,28,33,4,5,25
257,1.0,1.0,28,34,4,6,30
258,1.0,1.0,28,35,4,6,35
259,1.0,1.0,28,36,4,6,40
260,1.0,1.0,28,37,4,6,45
261,1.0,1.0,29,30,4,5,5
262,1.0,1.0,29,31,4,5,10
263,1.0,1.0,29,32,4,5,15
264,1.0,1.0,29,33,4,5,20
265,1.0,1.0,29,34,4,6,25
266,1.0,1.0,29,35,4,6,30
267,1.0,1.0,29,36,4,6,35
268,1.0,1.0,29,37,4,6,40
269,1.0,1.0,29,38,4,6,45
270,1.0,1.0,30,31,5,5,5
271,1.0,1.0,30,32,5,5,10
272,1.0,1.0,30,33,5,5,15
273,1.0,1.0,30,34,5,6,20
274,1.0,1.0,30,35,5,6,25
275,1.0,1.0,30,36,5,6,30
276,1.0,1.0,30,37,5,6,35
277,1.0,1.0,30,38,5,6,40
278,1.0,1.0,30,39,5,7,45
279,1.0,1.0,31,32,5,5,5
280,1.0,1.0,31,33,5,5,10
281,1.0,1.0,31,34,5,6,15
282,1.0,1.0,31,35,5,6,20
283,1.0,1.0,31,36,5,6,25
284,1.0,1.0,31,37,5,6,30
285,1.0,1.0,31,38,5,6,35
286,1.0,1.0,31,39,5,7,40
287,1.0,1.0,31,40,5,7,45
288,1.0,1.0,32,33,5,5,5
289,1.0,1.0,32,34,5,6,10
290,1.0,1.0,32,35,5,6,15
291,1.0,1.0,32,36,5,6,20
292,1.0,1.0,32,37,5,6,25
293,1.0,1.0,32,38,5,6,30
294,1.0,1.0,32,39,5,7,35
295,1.0,1.0,32,40,5,7,40
296,1.0,1.0,32,41,5,7,45
297,1.0,1.0,33,34,5,6,5
298,1.0,1.0,33,35,5,6,10
299,1.0,1.0,33,36,5,6,15
300,1.0,1.0,33,37,5,6,20
301,1.0,1.0,33,38,5,6,25
302,1.0,1.0,33,39,5,7,30
303,1.0,1.0,33,40,5,7,35
304,1.0,1.0,33,41,5,7,40
305,1.0,1.0,33,42,5,7,45
306,1.0,1.0,34,35,6,6,5
307,1.0,1.0,34,36,6,6,10
308,1.0,1.0,34,37,6,6,15
309,1.0,1.0,34,38,6,6,20
310,1.0,1.0,34,39,6,7,25
311,1.0,1.0,34,40,6,7,30
312,1.0,1.0,34,41,6,7,35
313,1.0,1.0,34,42,6,7,40
314,1.0,1.0,34,43,6,7,45
315,1.0,1.0,35,36,6,6,5
316,1.0,1.0,35,37,6,6,10
317,1.0,1.0,35,38,6,6,15
318,1.0,1.0,35,39,6,7,20
319,1.0,1.0,35,40,6,7,25
320,1.0,1.0,35,41,6,7,30
321,1.0,1.0,35,42,6,7,35
322,1.0,1.0,35,43,6,7,40
323,1.0,1.0,35,44,6,7,45
324,1.0,1.0,36,37,6,6,5
325,1.0,1.0,36,38,6,6,10
326,1.0,1.0,36,39,6,7,15
327,1.0,1.0,36,40,6,7,20
328,1.0,1.0,36,41,6,7,25
329,1.0,1.0,36,42,6,7,30
330,1.0,1.0,36,43,6,7,35
331,1.0,1.0,36,44,6,7,40
332,1.0,1.0,36,45,6,7,45
333,1.0,1.0,37,38,6,6,5
334,1.0,1.0,37,39,6,7,10
335,1.0,1.0,37,40,6,7,15
336,1.0,1.0,37,41,6,7,20
337,1.0,1.0,37,42,6,7,25
338,1.0,1.0,37,43,6,7,30
339,1.0,1.0,37,44,6,7,35
340,1.0,1.0,37,45,6,7,40
341,1.0,1.0,37,46,6,7,45
342,1.0,1.0,38,39,6,7,5
343,1.0,1.0,38,40,6,7,10
344,1.0,1.0,38,41,6,7,15
345,1.0,1.0,38,42,6,7,20
346,1.0,1.0,38,43,6,7,25
347,1.0,1.0,38,44,6,7,30
348,1.0,1.0,38,45,6,7,35
349,1.0,1.0,38,46,6,7,40
350,1.0,1.0,38,47,6,7,45
351,1.0,1.0,39,40,7,7,5
352,1.0,1.0,39,41,7,7,10
353,1.0,1.0,39,42,7,7,15
354,1.0,1.0,39,43,7,7,20
355,1.0,1.0,39,44,7,7,25
356,1.0,1.0,39,45,7,7,30
357,1.0,1.0,39,46,7,7,35
358,1.0,1.0,39,47,7,7,40
359,1.0,1.0,39,48,7,8,45
360,1.0,1.0,40,41,7,7,5
361,1.0,1.0,40,42,7,7,10
362,1.0,1.0,40,43,7,7,15
363,1.0,1.0,40,44,7,7,20
364,1.0,1.0,40,45,7,7,25
365,1.0,1.0,40,46,7,7,30
366,1.0,1.0,40,47,7,7,35
367,1.0,1.0,40,48,7,8,40
368,1.0,1.0,40,49,7,8,45
369,1.0,1.0,41,42,7,7,5
370,1.0,1.0,41,43,7,7,10
371,1.0,1.0,41,44,7,7,15
372,1.0,1.0,41,45,7,7,20
373,1.0,1.0,41,46,7,7,25
374,1.0,1.0,41,47,7,7,30
375,1.0,1.0,41,48,7,8,35
376,1.0,1.0,41,49,7,8,40
377,1.0,1.0,41,50,7,8,45
378,1.0,1.0,42,43,7,7,5
379,1.0,1.0,42,44,7,7,10
380,1.0,1.0,42,45,7,7,15
381,1.0,1.0,42,46,7,7,20
382,1.0,1.0,42,47,7,7,25
383,1.0,1.0,42,48,7,8,30
384,1.0,1.0,42,49,7,8,35
385,1.0,1.0,42,50,7,8,40
386,1.0,1.0,42,51,7,8,45
387,1.0,1.0,43,44,7,7,5
388,1.0,1.0,43,45,7,7,10
389,1.0,1.0,43,46,7,7,15
390,1.0,1.0,43,47,7,7,20
391,1.0,1.0,43,48,7,8,25
392,1.0,1.0,43,49,7,8,30
393,1.0,1.0,43,50,7,8,35
394,1.0,1.0,43,51,7,8,40
395,1.0,1.0,43,52,7,8,45
396,1.0,1.0,44,45,7,7,5
397,1.0,1.0,44,46,7,7,10
398,1.0,1.0,44,47,7,7,15
399,1.0,1.0,44,48,7,8,20
400,1.0,1.0,44,49,7,8,25
401,1.0,1.0,44,50,7,8,30
402,1.0,1.0,44,51,7,8,35
403,1.0,1.0,44,52,7,8,40
404,1.0,1.0,44,53,7,8,45
405,1.0,1.0,45,46,7,7,5
406,1.0,1.0,45,47,7,7,10
407,1.0,1.0,45,48,7,8,15
408,1.0,1.0,45,49,7,8,20
409,1.0,1.0,45,50,7,8,25
410,1.0,1.0,45,51,7,8,30
411,1.0,1.0,45,52,7,8,35
412,1.0,1.0,45,53,7,8,40
413,1.0,1.0,45,54,7,8,45
414,1.0,1.0,46,47,7,7,5
415,1.0,1.0,46,48,7,8,10
416,1.0,1.0,46,49,7,8,15
417,1.0,1.0,46,50,7,8,20
418,1.0,1.0,46,51,7,8,25
419,1.0,1.0,46,52,7,8,30
420,1.0,1.0,46,53,7,8,35
421,1.0,1.0,46,54,7,8,40
422,1.0,1.0,46,55,7,8,45
423,1.0,1.0,47,48,7,8,5
424,1.0,1.0,47,49,7,8,10
425,1.0,1.0,47,50,7,8,15
426,1.0,1.0,47,51,7,8,20
427,1.0,1.0,47,52,7,8,25
428,1.0,1.0,47,53,7,8,30
429,1.0,1.0,47,54,7,8,35
430,1.0,1.0,47,55,7,8,40
431,1.0,1.0,47,56,7,8,45
432,1.0,1.0,48,49,8,8,5
433,1.0,1.0,48,50,8,8,10
434,1.0,1.0,48,51,8,8,15
435,1.0,1.0,48,52,8,8,20
436,1.0,1.0,48,53,8,8,25
437,1.0,1.0,48,54,8,8,30
438,1.0,1.0,48,55,8,8,35
439,1.0,1.0,48,56,8,8,40
440,1.0,1.0,48,57,8,8,45
441,1.0,1.0,49,50,8,8,5
442,1.0,1.0,49,51,8,8,10
443,1.0,1.0,49,52,8,8,15
444,1.0,1.0,49,53,8,8,20
445,1.0,1.0,49,54,8,8,25
446,1.0,1.0,49,55,8,8,30
447,1.0,1.0,49,56,8,8,35
448,1.0,1.0,49,57,8,8,40
449,1.0,1.0,49,58,8,8,45
450,1.0,1.0,50,51,8,8,5
451,1.0,1.0,50,52,8,8,10
452,1.0,1.0,50,53,8,8,15
453,1.0,1.0,50,54,8,8,20
454,1.0,1.0,50,55,8,8,25
455,1.0,1.0,50,56,8,8,30
456,1.0,1.0,50,57,8,8,35
457,1.0,1.0,50,58,8,8,40
458,1.0,1.0,50,59,8,8,45
459,1.0,1.0,51,52,8,8,5
460,1.0,1.0,51,53,8,8,10
461,1.0,1.0,51,54,8,8,15
462,1.0,1.0,51,55,8,8,20
463,1.0,1.0,51,56,8,8,25
464,1.0,1.0,51,57,8,8,30
465,1.0,1.0,51,58,8,8,35
466,1.0,1.0,51,59,8,8,40
467,1.0,1.0,51,60,8,8,45
468,1.0,1.0,52,53,8,8,5
469,1.0,1.0,52,54,8,8,10
470,1.0,1.0,52,55,8,8,15
471,1.0,1.0,52,56,8,8,20
472,1.0,1.0,52,57,8,8,25
473,1.0,1.0,52,58,8,8,30
474,1.0,1.0,52,59,8,8,35
475,1.0,1.0,52,60,8,8,40
476,1.0,1.0,52,61,8,8,45
477,1.0,1.0,53,54,8,8,5
478,1.0,1.0,53,55,8,8,10
479,1.0,1.0,53,56,8,8,15
480,1.0,1.0,53,57,8,8,20
481,1.0,1.0,53,58,8,8,25
482,1.0,1.0,53,59,8,8,30
483,1.0,1.0,53,60,8,8,35
484,1.0,1.0,53,61,8,8,40
485,1.0,1.0,53,62,8,8,45
486,1.0,1.0,54,55,8,8,5
487,1.0,1.0,54,56,8,8,10
488,1.0,1.0,54,57,8,8,15
489,1.0,1.0,54,58,8,8,20
490,1.0,1.0,54,59,8,8,25
491,1.0,1.0,54,60,8,8,30
492,1.0,1.0,54,61,8,8,35
493,1.0,1.0,54,62,8,8,40
494,1.0,1.0,54,63,8,9,45
495,1.0,1.0,55,56,8,8,5
496,1.0,1.0,55,57,8,8,10
497,1.0,1.0,55,58,8,8,15
498,1.0,1.0,55,59,8,8,20
499,1.0,1.0,55,60,8,8,25
500,1.0,1.0,55,61,8,8,30
501,1.0,1.0,55,62,8,8,35
502,1.0,1.0,55,63,8,9,40
503,1.0,1.0,55,64,8,9,45
504,1.0,1.0,56,57,8,8,5
505,1.0,1.0,56,58,8,8,10
506,1.0,1.0,56,59,8,8,15
507,1.0,1.0,56,60,8,8,20
508,1.0,1.0,56,61,8,8,25
509,1.0,1.0,56,62,8,8,30
510,1.0,1.0,56,63,8,9,35
511,1.0,1.0,56,64,8,9,40
512,1.0,1.0,56,65,8,9,45
513,1.0,1.0,57,58,8,8,5
514,1.0,1.0,57,59,8,8,10
515,1.0,1.0,57,60,8,8,15
516,1.0,1.0,57,61,8,8,20
517,1.0,1.0,57,62,8,8,25
518,1.0,1.0,57,63,8,9,30
519,1.0,1.0,57,64,8,9,35
520,1.0,1.0,57,65,8,9,40
521,1.0,1.0,57,66,8,9,45
522,1.0,1.0,58,59,8,8,5
523,1.0,1.0,58,60,8,8,10
524,1.0,1.0,58,61,8,8,15
525,1.0,1.0,58,62,8,8,20
526,1.0,1.0,58,63,8,9,25
527,1.0,1.0,58,64,8,9,30
528,1.0,1.0,58,65,8,9,35
529,1.0,1.0,58,66,8,9,40
530,1.0,1.0,58,67,8,9,45
531,1.0,1.0,59,60,8,8,5
532,1.0,1.0,59,61,8,8,10
533,1.0,1.0,59,62,8,8,15
534,1.0,1.0,59,63,8,9,20
535,1.0,1.0,59,64,8,9,25
536,1.0,1.0,59,65,8,9,30
537,1.0,1.0,59,66,8,9,35
538,1.0,1.0,59,67,8,9,40
539,1.0,1.0,59,68,8,9,45
540,1.0,1.0,60,61,8,8,5
541,1.0,1.0,60,62,8,8,10
542,1.0,1.0,60,63,8,9,15
543,1.0,1.0,60,64,8,9,20
544,1.0,1.0,60,65,8,9,25
545,1.0,1.0,60,66,8,9,30
546,1.0,1.0,60,67,8,9,35
547,1.0,1.0,60,68,8,9,40
548,1.0,1.0,60,69,8,9,45
549,1.0,1.0,61,62,8,8,5
550,1.0,1.0,61,63,8,9,10
551,1.0,1.0,61,64,8,9,15
552,1.0,1.0,61,65,8,9,20
553,1.0,1.0,61,66,8,9,25
554,1.0,1.0,61,67,8,9,30
555,1.0,1.0,61,68,8,9,35
556,1.0,1.0,61,69,8,9,40
557,1.0,1.0,61,70,8,9,45
558,1.0,1.0,62,63,8,9,5
559,1.0,1.0,62,64,8,9,10
560,1.0,1.0,62,65,8,9,15
561,1.0,1.0,62,66,8,9,20
562,1.0,1.0,62,67,8,9,25
563,1.0,1.0,62,68,8,9,30
564,1.0,1.0,62,69,8,9,35
565,1.0,1.0,62,70,8,9,40
566,1.0,1.0,62,71,8,9,45
567,1.0,1.0,63,64,9,9,5
568,1.0,1.0,63,65,9,9,10
569,1.0,1.0,63,66,9,9,15
570,1.0,1.0,63,67,9,9,20
571,1.0,1.0,63,68,9,9,25
572,1.0,1.0,63,69,9,9,30
573,1.0,1.0,63,70,9,9,35
574,1.0,1.0,63,71,9,9,40
575,1.0,1.0,63,72,9,9,45
576,1.0,1.0,64,65,9,9,5
577,1.0,1.0,64,66,9,9,10
578,1.0,1.0,64,67,9,9,15
579,1.0,1.0,64,68,9,9,20
580,1.0,1.0,64,69,9,9,25
581,1.0,1.0,64,70,9,9,30
582,1.0,1.0,64,71,9,9,35
583,1.0,1.0,64,72,9,9,40
584,1.0,1.0,64,73,9,9,45
585,1.0,1.0,65,66,9,9,5
586,1.0,1.0,65,67,9,9,10
587,1.0,1.0,65,68,9,9,15
588,1.0,1.0,65,69,9,9,20
589,1.0,1.0,65,70,9,9,25
590,1.0,1.0,65,71,9,9,30
591,1.0,1.0,65,72,9,9,35
592,1.0,1.0,65,73,9,9,40
593,1.0,1.0,65,74,9,10,45
594,1.0,1.0,66,67,9,9,5
595,1.0,1.0,66,68,9,9,10
596,1.0,1.0,66,69,9,9,15
597,1.0,1.0,66,70,9,9,20
598,1.0,1.0,66,71,9,9,25
599,1.0,1.0,66,72,9,9,30
600,1.0,1.0,66,73,9,9,35
601,1.0,1.0,66,74,9,10,40
602,1.0,1.0,66,75,9,10,45
603,1.0,1.0,67,68,9,9,5
604,1.0,1.0,67,69,9,9,10
605,1.0,1.0,67,70,9,9,15
606,1.0,1.0,67,71,9,9,20
607,1.0,1.0,67,72,9,9,25
608,1.0,1.0,67,73,9,9,30
609,1.0,1.0,67,74,9,10,35
610,1.0,1.0,67,75,9,10,40
611,1.0,1.0,67,76,9,10,45
612,1.0,1.0,68,69,9,9,5
613,1.0,1.0,68,70,9,9,10
614,1.0,1.0,68,71,9,9,15
615,1.0,1.0,68,72,9,9,20
616,1.0,1.0,68,73,9,9,25
617,1.0,1.0,68,74,9,10,30
618,1.0,1.0,68,75,9,10,35
619,1.0,1.0,68,76,9,10,40
620,1.0,1.0,68,77,9,10,45
621,1.0,1.0,69,70,9,9,5
622,1.0,1.0,69,71,9,9,10
623,1.0,1.0,69,72,9,9,15
624,1.0,1.0,69,73,9,9,20
625,1.0,1.0,69,74,9,10,25
626,1.0,1.0,69,75,9,10,30
627,1.0,1.0,69,76,9,10,35
628,1.0,1.0,69,77,9,10,40
629,1.0,1.0,69,78,9,10,45
630,1.0,1.0,70,71,9,9,5
631,1.0,1.0,70,72,9,9,10
632,1.0,1.0,70,73,9,9,15
633,1.0,1.0,70,74,9,10,20
634,1.0,1.0,70,75,9,10,25
635,1.0,1.0,70,76,9,10,30
636,1.0,1.0,70,77,9,10,35
637,1.0,1.0,70,78,9,10,40
638,1.0,1.0,70,79,9,10,45
639,1.0,1.0,71,72,9,9,5
640,1.0,1.0,71,73,9,9,10
641,1.0,1.0,71,74,9,10,15
642,1.0,1.0,71,75,9,10,20
643,1.0,1.0,71,76,9,10,25
644,1.0,1.0,71,77,9,10,30
645,1.0,1.0,71,78,9,10,35
646,1.0,1.0,71,79,9,10,40
647,1.0,1.0,71,80,9,10,45
648,1.0,1.0,72,73,9,9,5
649,1.0,1.0,72,74,9,10,10
650,1.0,1.0,72,75,9,10,15
651,1.0,1.0,72,76,9,10,20
652,1.0,1.0,72,77,9,10,25
653,1.0,1.0,72,78,9,10,30
654,1.0,1.0,72,79,9,10,35
655,1.0,1.0,72,80,9,10,40
656,1.0,1.0,72,81,9,10,45
657,1.0,1.0,73,74,9,10,5
658,1.0,1.0,73,75,9,10,10
659,1.0,1.0,73,76,9,10,15
660,1.0,1.0,73,77,9,10,20
661,1.0,1.0,73,78,9,10,25
662,1.0,1.0,73,79,9,10,30
663,1.0,1.0,73,80,9,10,35
664,1.0,1.0,73,81,9,10,40
665,1.0,1.0,73,82,9,10,45
666,1.0,1.0,74,75,10,10,5
667,1.0,1.0,74,76,10,10,10
668,1.0,1.0,74,77,10,10,15
669,1.0,1.0,74,78,10,10,20
670,1.0,1.0,74,79,10,10,25
671,1.0,1.0,74,80,10,10,30
672,1.0,1.0,74,81,10,10,35
673,1.0,1.0,74,82,10,10,40
674,1.0,1.0,74,83,10,10,45
675,1.0,1.0,75,76,10,10,5
676,1.0,1.0,75,77,10,10,10
677,1.0,1.0,75,78,10,10,15
678,1.0,1.0,75,79,10,10,20
679,1.0,1.0,75,80,10,10,25
680,1.0,1.0,75,81,10,10,30
681,1.0,1.0,75,82,10,10,35
682,1.0,1.0,75,83,10,10,40
683,1.0,1.0,75,84,10,10,45
684,1.0,1.0,76,77,10,10,5
685,1.0,1.0,76,78,10,10,10
686,1.0,1.0,76,79,10,10,15
687,1.0,1.0,76,80,10,10,20
688,1.0,1.0,76,81,10,10,25
689,1.0,1.0,76,82,10,10,30
690,1.0,1.0,76,83,10,10,35
691,1.0,1.0,76,84,10,10,40
692,1.0,1.0,76,85,10,10,45
693,1.0,1.0,77,78,10,10,5
694,1.0,1.0,77,79,10,10,10
695,1.0,1.0,77,80,10,10,15
696,1.0,1.0,77,81,10,10,20
697,1.0,1.0,77,82,10,10,25
698,1.0,1.0,77,83,10,10,30
699,1.0,1.0,77,84,10,10,35
700,1.0,1.0,77,85,10,10,40
701,1.0,1.0,77,86,10,10,45
702,1.0,1.0,78,79,10,10,5
703,1.0,1.0,78,80,10,10,10
704,1.0,1.0,78,81,10,10,15
705,1.0,1.0,78,82,10,10,20
706,1.0,1.0,78,83,10,10,25
707,1.0,1.0,78,84,10,10,30
708,1.0,1.0,78,85,10,10,35
709,1.0,1.0,78,86,10,10,40
710,1.0,1.0,78,87,10,10,45
711,1.0,1.0,79,80,10,10,5
712,1.0,1.0,79,81,10,10,10
713,1.0,1.0,79,82,10,10,15
714,1.0,1.0,79,83,10,10,20
715,1.0,1.0,79,84,10,10,25
716,1.0,1.0,79,85,10,10,30
717,1.0,1.0,79,86,10,10,35
718,1.0,1.0,79,87,10,10,40
719,1.0,1.0,79,88,10,11,45
720,1.0,1.0,80,81,10,10,5
721,1.0,1.0,80,82,10,10,10
722,1.0,1.0,80,83,10,10,15
723,1.0,1.0,80,84,10,10,20
724,1.0,1.0,80,85,10,10,25
725,1.0,1.0,80,86,10,10,30
726,1.0,1.0,80,87,10,10,35
727,1.0,1.0,80,88,10,11,40
728,1.0,1.0,80,89,10,11,45
729,1.0,1.0,81,82,10,10,5
730,1.0,1.0,81,83,10,10,10
731,1.0,1.0,81,84,10,10,15
732,1.0,1.0,81,85,10,10,20
733,1.0,1.0,81,86,10,10,25
734,1.0,1.0,81,87,10,10,30
735,1.0,1.0,81,88,10,11,35
736,1.0,1.0,81,89,10,11,40
737,1.0,1.0,81,90,10,11,45
738,1.0,1.0,82,83,10,10,5
739,1.0,1.0,82,84,10,10,10
740,1.0,1.0,82,85,10,10,15
741,1.0,1.0,82,86,10,10,20
742,1.0,1.0,82,87,10,10,25
743,1.0,1.0,82,88,10,11,30
744,1.0,1.0,82,89,10,11,35
745,1.0,1.0,82,90,10,11,40
746,1.0,1.0,82,91,10,11,45
747,1.0,1.0,83,84,10,10,5
748,1.0,1.0,83,85,10,10,10
749,1.0,1.0,83,86,10,10,15
750,1.0,1.0,83,87,10,10,20
751,1.0,1.0,83,88,10,11,25
752,1.0,1.0,83,89,10,11,30
753,1.0,1.0,83,90,10,11,35
754,1.0,1.0,83,91,10,11,40
755,1.0,1.0,83,92,10,11,45
756,1.0,1.0,84,85,10,10,5
757,1.0,1.0,84,86,10,10,10
758,1.0,1.0,84,87,10,10,15
759,1.0,1.0,84,88,10,11,20
760,1.0,1.0,84,89,10,11,25
761,1.0,1.0,84,90,10,11,30
762,1.0,1.0,84,91,10,11,35
763,1.0,1.0,84,92,10,11,40
764,1.0,1.0,84,93,10,11,45
765,1.0,1.0,85,86,10,10,5
766,1.0,1.0,85,87,10,10,10
767,1.0,1.0,85,88,10,11,15
768,1.0,1.0,85,89,10,11,20
769,1.0,1.0,85,90,10,11,25
770,1.0,1.0,85,91,10,11,30
771,1.0,1.0,85,92,10,11,35
772,1.0,1.0,85,93,10,11,40
773,1.0,1.0,85,94,10,12,45
774,1.0,1.0,86,87,10,10,5
775,1.0,1.0,86,88,10,11,10
776,1.0,1.0,86,89,10,11,15
777,1.0,1.0,86,90,10,11,20
778,1.0,1.0,86,91,10,11,25
779,1.0,1.0,86,92,10,11,30
780,1.0,1.0,86,93,10,11,35
781,1.0,1.0,86,94,10,12,40
782,1.0,1.0,86,95,10,12,45
783,1.0,1.0,87,88,10,11,5
784,1.0,1.0,87,89,10,11,10
785,1.0,1.0,87,90,10,11,15
786,1.0,1.0,87,91,10,11,20
787,1.0,1.0,87,92,10,11,25
788,1.0,1.0,87,93,10,11,30
789,1.0,1.0,87,94,10,12,35
790,1.0,1.0,87,95,10,12,40
791,1.0,1.0,87,96,10,12,45
792,1.0,1.0,88,89,11,11,5
793,1.0,1.0,88,90,11,11,10
794,1.0,1.0,88,91,11,11,15
795,1.0,1.0,88,92,11,11,20
796,1.0,1.0,88,93,11,11,25
797,1.0,1.0,88,94,11,12,30
798,1.0,1.0,88,95,11,12,35
799,1.0,1.0,88,96,11,12,40
800,1.0,1.0,88,97,11,12,45
801,1.0,1.0,89,90,11,11,5
802,1.0,1.0,89,91,11,11,10
803,1.0,1.0,89,92,11,11,15
804,1.0,1.0,89,93,11,11,20
805,1.0,1.0,89,94,11,12,25
806,1.0,1.0,89,95,11,12,30
807,1.0,1.0,89,96,11,12,35
808,1.0,1.0,89,97,11,12,40
809,1.0,1.0,89,98,11,12,45
810,1.0,1.0,90,91,11,11,5
811,1.0,1.0,90,92,11,11,10
812,1.0,1.0,90,93,11,11,15
813,1.0,1.0,90,94,11,12,20
814,1.0,1.0,90,95,11,12,25
815,1.0,1.0,90,96,11,12,30
816,1.0,1.0,90,97,11,12,35
817,1.0,1.0,90,98,11,12,40
818,1.0,1.0,90,99,11,12,45
819,1.0,1.0,91,92,11,11,5
820,1.0,1.0,91,93,11,11,10
821,1.0,1.0,91,94,11,12,15
822,1.0,1.0,91,95,11,12,20
823,1.0,1.0,91,96,11,12,25
824,1.0,1.0,91,97,11,12,30
825,1.0,1.0,91,98,11,12,35
826,1.0,1.0,91,99,11,12,40
827,1.0,1.0,91,100,11,13,45
828,1.0,1.0,92,93,11,11,5
829,1.0,1.0,92,94,11,12,10
830,1.0,1.0,92,95,11,12,15
831,1.0,1.0,92,96,11,12,20
832,1.0,1.0,92,97,11,12,25
833,1.0,1.0,92,98,11,12,30
834,1.0,1.0,92,99,11,12,35
835,1.0,1.0,92,100,11,13,40
836,1.0,1.0,92,101,11,14,45
837,1.0,1.0,93,94,11,12,5
838,1.0,1.0,93,95,11,12,10
839,1.0,1.0,93,96,11,12,15
840,1.0,1.0,93,97,11,12,20
841,1.0,1.0,93,98,11,12,25
842,1.0,1.0,93,99,11,12,30
843,1.0,1.0,93,100,11,13,35
844,1.0,1.0,93,101,11,14,40
845,1.0,1.0,93,102,11,14,45
846,1.0,1.0,94,95,12,12,5
847,1.0,1.0,94,96,12,12,10
848,1.0,1.0,94,97,12,12,15
849,1.0,1.0,94,98,12,12,20
850,1.0,1.0,94,99,12,12,25
851,1.0,1.0,94,100,12,13,30
852,1.0,1.0,94,101,12,14,35
853,1.0,1.0,94,102,12,14,40
854,1.0,1.0,94,103,12,14,45
855,1.0,1.0,95,96,12,12,5
856,1.0,1.0,95,97,12,12,10
857,1.0,1.0,95,98,12,12,15
858,1.0,1.0,95,99,12,12,20
859,1.0,1.0,95,100,12,13,25
860,1.0,1.0,95,101,12,14,30
861,1.0,1.0,95,102,12,14,35
862,1.0,1.0,95,103,12,14,40
863,1.0,1.0,95,104,12,14,45
864,1.0,1.0,96,97,12,12,5
865,1.0,1.0,96,98,12,12,10
866,1.0,1.0,96,99,12,12,15
867,1.0,1.0,96,100,12,13,20
868,1.0,1.0,96,101,12,14,25
869,1.0,1.0,96,102,12,14,30
870,1.0,1.0,96,103,12,14,35
871,1.0,1.0,96,104,12,14,40
872,1.0,1.0,96,105,12,14,45
873,1.0,1.0,97,98,12,12,5
874,1.0,1.0,97,99,12,12,10
875,1.0,1.0,97,100,12,13,15
876,1.0,1.0,97,101,12,14,20
877,1.0,1.0,97,102,12,14,25
878,1.0,1.0,97,103,12,14,30
879,1.0,1.0,97,104,12,14,35
880,1.0,1.0,97,105,12,14,40
881,1.0,1.0,97,106,12,14,45
882,1.0,1.0,98,99,12,12,5
883,1.0,1.0,98,100,12,13,10
884,1.0,1.0,98,101,12,14,15
885,1.0,1.0,98,102,12,14,20
886,1.0,1.0,98,103,12,14,25
887,1.0,1.0,98,104,12,14,30
888,1.0,1.0,98,105,12,14,35
889,1.0,1.0,98,106,12,14,40
890,1.0,1.0,98,107,12,14,45
891,1.0,1.0,99,100,12,13,5
892,1.0,1.0,99,101,12,14,10
893,1.0,1.0,99,102,12,14,15
894,1.0,1.0,99,103,12,14,20
895,1.0,1.0,99,104,12,14,25
896,1.0,1.0,99,105,12,14,30
897,1.0,1.0,99,106,12,14,35
898,1.0,1.0,99,107,12,14,40
899,1.0,1.0,99,108,12,14,45
900,1.0,1.0,100,101,13,14,5
901,1.0,1.0,100,102,13,14,10
902,1.0,1.0,100,103,13,14,15
903,1.0,1.0,100,104,13,14,20
904,1.0,1.0,100,105,13,14,25
905,1.0,1.0,100,106,13,14,30
906,1.0,1.0,100,107,13,14,35
907,1.0,1.0,100,108,13,14,40
908,1.0,1.0,100,109,13,14,45
909,1.0,1.0,101,102,14,14,5
910,1.0,1.0,101,103,14,14,10
911,1.0,1.0,101,104,14,14,15
912,1.0,1.0,101,105,14,14,20
913,1.0,1.0,101,106,14,14,25
914,1.0,1.0,101,107,14,14,30
915,1.0,1.0,101,108,14,14,35
916,1.0,1.0,101,109,14,14,40
917,1.0,1.0,101,110,14,14,45
918,1.0,1.0,102,103,14,14,5
919,1.0,1.0,102,104,14,14,10
920,1.0,1.0,102,105,14,14,15
921,1.0,1.0,102,106,14,14,20
922,1.0,1.0,102,107,14,14,25
923,1.0,1.0,102,108,14,14,30
924,1.0,1.0,102,109,14,14,35
925,1.0,1.0,102,110,14,14,40
926,1.0,1.0,102,111,14,14,45
927,1.0,1.0,103,104,14,14,5
928,1.0,1.0,103,105,14,14,10
929,1.0,1.0,103,106,14,14,15
930,1.0,1.0,103,107,14,14,20
931,1.0,1.0,103,108,14,14,25
932,1.0,1.0,103,109,14,14,30
933,1.0,1.0,103,110,14,14,35
934,1.0,1.0,103,111,14,14,40
935,1.0,1.0,103,112,14,15,45
936,1.0,1.0,104,105,14,14,5
937,1.0,1.0,104,106,14,14,10
938,1.0,1.0,104,107,14,14,15
939,1.0,1.0,104,108,14,14,20
940,1.0,1.0,104,109,14,14,25
941,1.0,1.0,104,110,14,14,30
942,1.0,1.0,104,111,14,14,35
943,1.0,1.0,104,112,14,15,40
944,1.0,1.0,104,113,14,15,45
945,1.0,1.0,105,106,14,14,5
946,1.0,1.0,105,107,14,14,10
947,1.0,1.0,105,108,14,14,15
948,1.0,1.0,105,109,14,14,20
949,1.0,1.0,105,110,14,14,25
950,1.0,1.0,105,111,14,14,30
951,1.0,1.0,105,112,14,15,35
952,1.0,1.0,105,113,14,15,40
953,1.0,1.0,105,114,14,15,45
954,1.0,1.0,106,107,14,14,5
955,1.0,1.0,106,108,14,14,10
956,1.0,1.0,106,109,14,14,15
957,1.0,1.0,106,110,14,14,20
958,1.0,1.0,106,111,14,14,25
959,1.0,1.0,106,112,14,15,30
960,1.0,1.0,106,113,14,15,35
961,1.0,1.0,106,114,14,15,40
962,1.0,1.0,106,115,14,15,45
963,1.0,1.0,107,108,14,14,5
964,1.0,1.0,107,109,14,14,10
965,1.0,1.0,107,110,14,14,15
966,1.0,1.0,107,111,14,14,20
967,1.0,1.0,107,112,14,15,25
968,1.0,1.0,107,113,14,15,30
969,1.0,1.0,107,114,14,15,35
970,1.0,1.0,107,115,14,15,40
971,1.0,0.9831932773109243,107,116,14,17,45
972,1.0,1.0,108,109,14,14,5
973,1.0,1.0,108,110,14,14,10
974,1.0,1.0,108,111,14,14,15
975,1.0,1.0,108,112,14,15,20
976,1.0,1.0,108,113,14,15,25
977,1.0,1.0,108,114,14,15,30
978,1.0,1.0,108,115,14,15,35
979,1.0,0.9831932773109243,108,116,14,17,40
980,0.9920634627342224,0.9841269841269841,108,117,14,18,45
981,1.0,1.0,109,110,14,14,5
982,1.0,1.0,109,111,14,14,10
983,1.0,1.0,109,112,14,15,15
984,1.0,1.0,109,113,14,15,20
985,1.0,1.0,109,114,14,15,25
986,1.0,1.0,109,115,14,15,30
987,1.0,0.9831932773109243,109,116,14,17,35
988,0.9920634627342224,0.9841269841269841,109,117,14,18,40
989,0.9920634627342224,0.9841269841269841,109,118,14,18,45
990,1.0,1.0,110,111,14,14,5
991,1.0,1.0,110,112,14,15,10
992,1.0,1.0,110,113,14,15,15
993,1.0,1.0,110,114,14,15,20
994,1.0,1.0,110,115,14,15,25
995,1.0,0.9831932773109243,110,116,14,17,30
996,0.9920634627342224,0.9841269841269841,110,117,14,18,35
997,0.9920634627342224,0.9841269841269841,110,118,14,18,40
998,1.0,0.9841269841269841,110,119,14,18,45
999,1.0,1.0,111,112,14,15,5
1000,1.0,1.0,111,113,14,15,10
1001,1.0,1.0,111,114,14,15,15
1002,1.0,1.0,111,115,14,15,20
1003,1.0,0.9831932773109243,111,116,14,17,25
1004,0.9920634627342224,0.9841269841269841,111,117,14,18,30
1005,0.9920634627342224,0.9841269841269841,111,118,14,18,35
1006,1.0,0.9841269841269841,111,119,14,18,40
1007,1.0,0.9849624060150376,111,120,14,19,45
1008,1.0,1.0,112,113,15,15,5
1009,1.0,1.0,112,114,15,15,10
1010,1.0,1.0,112,115,15,15,15
1011,1.0,0.984313725490196,112,116,15,17,20
1012,0.9925925731658936,0.9851851851851852,112,117,15,18,25
1013,1.0,0.9851851851851852,112,118,15,18,30
1014,1.0,0.9851851851851852,112,119,15,18,35
1015,1.0,0.9859649122807017,112,120,15,19,40
1016,1.0,0.9873015873015873,112,121,15,21,45
1017,1.0,1.0,113,114,15,15,5
1018,1.0,1.0,113,115,15,15,10
1019,1.0,0.984313725490196,113,116,15,17,15
1020,0.9925925731658936,0.9851851851851852,113,117,15,18,20
1021,0.9925925731658936,0.9851851851851852,113,118,15,18,25
1022,1.0,0.9851851851851852,113,119,15,18,30
1023,1.0,0.9859649122807017,113,120,15,19,35
1024,1.0,0.9809523809523809,113,121,15,21,40
1025,1.0,0.9809523809523809,113,122,15,21,45
1026,1.0,1.0,114,115,15,15,5
1027,1.0,0.984313725490196,114,116,15,17,10
1028,0.9925925731658936,0.9851851851851852,114,117,15,18,15
1029,0.9925925731658936,0.9851851851851852,114,118,15,18,20
1030,1.0,0.9851851851851852,114,119,15,18,25
1031,1.0,0.9859649122807017,114,120,15,19,30
1032,1.0,0.9873015873015873,114,121,15,21,35
1033,1.0,0.9809523809523809,114,122,15,21,40
1034,1.0,0.9809523809523809,114,123,15,21,45
1035,1.0,0.984313725490196,115,116,15,17,5
1036,1.0,0.9851851851851852,115,117,15,18,10
1037,1.0,0.9851851851851852,115,118,15,18,15
1038,1.0,0.9851851851851852,115,119,15,18,20
1039,1.0,0.9859649122807017,115,120,15,19,25
1040,0.9873015880584717,0.9873015873015873,115,121,15,21,30
1041,0.9873015880584717,0.9873015873015873,115,122,15,21,35
1042,0.9873015880584717,0.9873015873015873,115,123,15,21,40
1043,0.9873015880584717,0.9873015873015873,115,124,15,21,45
1044,1.0,1.0,116,117,17,18,5
1045,1.0,1.0,116,118,17,18,10
1046,1.0,1.0,116,119,17,18,15
1047,1.0,1.0,116,120,17,19,20
1048,1.0,0.9943977591036415,116,121,17,21,25
1049,1.0,0.9943977591036415,116,122,17,21,30
1050,0.994397759437561,0.9943977591036415,116,123,17,21,35
1051,0.994397759437561,0.9943977591036415,116,124,17,21,40
1052,0.994397759437561,0.9943977591036415,116,125,17,21,45
1053,1.0,1.0,117,118,18,18,5
1054,1.0,1.0,117,119,18,18,10
1055,1.0,1.0,117,120,18,19,15
1056,1.0,0.9947089947089947,117,121,18,21,20
1057,1.0,0.9947089947089947,117,122,18,21,25
1058,1.0,0.9947089947089947,117,123,18,21,30
1059,0.9947090148925781,0.9947089947089947,117,124,18,21,35
1060,0.9947090148925781,0.9947089947089947,117,125,18,21,40
1061,0.9947090148925781,0.9947089947089947,117,126,18,21,45
1062,1.0,1.0,118,119,18,18,5
1063,1.0,1.0,118,120,18,19,10
1064,1.0,0.9947089947089947,118,121,18,21,15
1065,1.0,0.9947089947089947,118,122,18,21,20
1066,1.0,0.9947089947089947,118,123,18,21,25
1067,0.9947090148925781,0.9947089947089947,118,124,18,21,30
1068,0.9947090148925781,0.9947089947089947,118,125,18,21,35
1069,0.9947090148925781,0.9947089947089947,118,126,18,21,40
1070,0.9949495196342468,0.9949494949494949,118,127,18,22,45
1071,1.0,1.0,119,120,18,19,5
1072,1.0,1.0,119,121,18,21,10
1073,1.0,1.0,119,122,18,21,15
1074,1.0,0.9947089947089947,119,123,18,21,20
1075,1.0,0.9947089947089947,119,124,18,21,25
1076,0.9947090148925781,0.9947089947089947,119,125,18,21,30
1077,0.9947090148925781,0.9947089947089947,119,126,18,21,35
1078,0.9949495196342468,0.9949494949494949,119,127,18,22,40
1079,0.9951691031455994,0.9951690821256038,119,128,18,23,45
1080,1.0,1.0,120,121,19,21,5
1081,1.0,1.0,120,122,19,21,10
1082,1.0,1.0,120,123,19,21,15
1083,1.0,1.0,120,124,19,21,20
1084,1.0,1.0,120,125,19,21,25
1085,1.0,1.0,120,126,19,21,30
1086,1.0,1.0,120,127,19,22,35
1087,1.0,1.0,120,128,19,23,40
1088,1.0,1.0,120,129,19,23,45
1089,1.0,1.0,121,122,21,21,5
1090,1.0,1.0,121,123,21,21,10
1091,1.0,1.0,121,124,21,21,15
1092,1.0,1.0,121,125,21,21,20
1093,1.0,1.0,121,126,21,21,25
1094,1.0,1.0,121,127,21,22,30
1095,1.0,1.0,121,128,21,23,35
1096,1.0,1.0,121,129,21,23,40
1097,1.0,1.0,121,130,21,23,45
1098,1.0,1.0,122,123,21,21,5
1099,1.0,1.0,122,124,21,21,10
1100,1.0,1.0,122,125,21,21,15
1101,1.0,1.0,122,126,21,21,20
1102,1.0,1.0,122,127,21,22,25
1103,1.0,1.0,122,128,21,23,30
1104,1.0,1.0,122,129,21,23,35
1105,1.0,1.0,122,130,21,23,40
1106,1.0,1.0,122,131,21,23,45
1107,1.0,1.0,123,124,21,21,5
1108,1.0,1.0,123,125,21,21,10
1109,1.0,1.0,123,126,21,21,15
1110,1.0,1.0,123,127,21,22,20
1111,1.0,1.0,123,128,21,23,25
1112,1.0,1.0,123,129,21,23,30
1113,1.0,1.0,123,130,21,23,35
1114,1.0,1.0,123,131,21,23,40
1115,1.0,1.0,123,132,21,23,45
1116,1.0,1.0,124,125,21,21,5
1117,1.0,1.0,124,126,21,21,10
1118,1.0,1.0,124,127,21,22,15
1119,1.0,1.0,124,128,21,23,20
1120,1.0,1.0,124,129,21,23,25
1121,1.0,1.0,124,130,21,23,30
1122,1.0,1.0,124,131,21,23,35
1123,1.0,1.0,124,132,21,23,40
1124,1.0,1.0,124,133,21,23,45
1125,1.0,1.0,125,126,21,21,5
1126,1.0,1.0,125,127,21,22,10
1127,1.0,1.0,125,128,21,23,15
1128,1.0,1.0,125,129,21,23,20
1129,1.0,1.0,125,130,21,23,25
1130,1.0,1.0,125,131,21,23,30
1131,1.0,1.0,125,132,21,23,35
1132,1.0,1.0,125,133,21,23,40
1133,1.0,1.0,125,134,21,23,45
1134,1.0,1.0,126,127,21,22,5
1135,1.0,1.0,126,128,21,23,10
1136,1.0,1.0,126,129,21,23,15
1137,1.0,1.0,126,130,21,23,20
1138,1.0,1.0,126,131,21,23,25
1139,1.0,1.0,126,132,21,23,30
1140,1.0,1.0,126,133,21,23,35
1141,1.0,1.0,126,134,21,23,40
1142,1.0,1.0,126,135,21,23,45
1143,1.0,1.0,127,128,22,23,5
1144,1.0,1.0,127,129,22,23,10
1145,1.0,1.0,127,130,22,23,15
1146,1.0,1.0,127,131,22,23,20
1147,1.0,1.0,127,132,22,23,25
1148,1.0,1.0,127,133,22,23,30
1149,1.0,1.0,127,134,22,23,35
1150,1.0,1.0,127,135,22,23,40
1151,1.0,1.0,127,136,22,23,45
1152,1.0,1.0,128,129,23,23,5
1153,1.0,1.0,128,130,23,23,10
1154,1.0,1.0,128,131,23,23,15
1155,1.0,1.0,128,132,23,23,20
1156,1.0,1.0,128,133,23,23,25
1157,1.0,1.0,128,134,23,23,30
1158,1.0,1.0,128,135,23,23,35
1159,1.0,1.0,128,136,23,23,40
1160,1.0,1.0,128,137,23,23,45
1161,1.0,1.0,129,130,23,23,5
1162,1.0,1.0,129,131,23,23,10
1163,1.0,1.0,129,132,23,23,15
1164,1.0,1.0,129,133,23,23,20
1165,1.0,1.0,129,134,23,23,25
1166,1.0,1.0,129,135,23,23,30
1167,1.0,1.0,129,136,23,23,35
1168,1.0,1.0,129,137,23,23,40
1169,1.0,1.0,129,138,23,23,45
1170,1.0,1.0,130,131,23,23,5
1171,1.0,1.0,130,132,23,23,10
1172,1.0,1.0,130,133,23,23,15
1173,1.0,1.0,130,134,23,23,20
1174,1.0,1.0,130,135,23,23,25
1175,1.0,1.0,130,136,23,23,30
1176,1.0,1.0,130,137,23,23,35
1177,1.0,1.0,130,138,23,23,40
1178,1.0,1.0,130,139,23,24,45
1179,1.0,1.0,131,132,23,23,5
1180,1.0,1.0,131,133,23,23,10
1181,1.0,1.0,131,134,23,23,15
1182,1.0,1.0,131,135,23,23,20
1183,1.0,1.0,131,136,23,23,25
1184,1.0,1.0,131,137,23,23,30
1185,1.0,1.0,131,138,23,23,35
1186,1.0,1.0,131,139,23,24,40
1187,1.0,1.0,131,140,23,24,45
1188,1.0,1.0,132,133,23,23,5
1189,1.0,1.0,132,134,23,23,10
1190,1.0,1.0,132,135,23,23,15
1191,1.0,1.0,132,136,23,23,20
1192,1.0,1.0,132,137,23,23,25
1193,1.0,1.0,132,138,23,23,30
1194,1.0,1.0,132,139,23,24,35
1195,1.0,1.0,132,140,23,24,40
1196,1.0,1.0,132,141,23,24,45
1197,1.0,1.0,133,134,23,23,5
1198,1.0,1.0,133,135,23,23,10
1199,1.0,1.0,133,136,23,23,15
1200,1.0,1.0,133,137,23,23,20
1201,1.0,1.0,133,138,23,23,25
1202,1.0,1.0,133,139,23,24,30
1203,1.0,1.0,133,140,23,24,35
1204,1.0,1.0,133,141,23,24,40
1205,1.0,1.0,133,142,23,24,45
1206,1.0,1.0,134,135,23,23,5
1207,1.0,1.0,134,136,23,23,10
1208,1.0,1.0,134,137,23,23,15
1209,1.0,1.0,134,138,23,23,20
1210,1.0,1.0,134,139,23,24,25
1211,1.0,1.0,134,140,23,24,30
1212,1.0,1.0,134,141,23,24,35
1213,1.0,1.0,134,142,23,24,40
1214,1.0,1.0,134,143,23,24,45
1215,1.0,1.0,135,136,23,23,5
1216,1.0,1.0,135,137,23,23,10
1217,1.0,1.0,135,138,23,23,15
1218,1.0,1.0,135,139,23,24,20
1219,1.0,1.0,135,140,23,24,25
1220,1.0,1.0,135,141,23,24,30
1221,1.0,1.0,135,142,23,24,35
1222,1.0,1.0,135,143,23,24,40
1223,1.0,1.0,135,144,23,24,45
1224,1.0,1.0,136,137,23,23,5
1225,1.0,1.0,136,138,23,23,10
1226,1.0,1.0,136,139,23,24,15
1227,1.0,1.0,136,140,23,24,20
1228,1.0,1.0,136,141,23,24,25
1229,1.0,1.0,136,142,23,24,30
1230,1.0,1.0,136,143,23,24,35
1231,1.0,1.0,136,144,23,24,40
1232,1.0,1.0,136,145,23,24,45
1233,1.0,1.0,137,138,23,23,5
1234,1.0,1.0,137,139,23,24,10
1235,1.0,1.0,137,140,23,24,15
1236,1.0,1.0,137,141,23,24,20
1237,1.0,1.0,137,142,23,24,25
1238,1.0,1.0,137,143,23,24,30
1239,1.0,1.0,137,144,23,24,35
1240,1.0,1.0,137,145,23,24,40
1241,1.0,1.0,137,146,23,24,45
1242,1.0,1.0,138,139,23,24,5
1243,1.0,1.0,138,140,23,24,10
1244,1.0,1.0,138,141,23,24,15
1245,1.0,1.0,138,142,23,24,20
1246,1.0,1.0,138,143,23,24,25
1247,1.0,1.0,138,144,23,24,30
1248,1.0,1.0,138,145,23,24,35
1249,1.0,1.0,138,146,23,24,40
1250,1.0,1.0,138,147,23,26,45
1251,1.0,1.0,139,140,24,24,5
1252,1.0,1.0,139,141,24,24,10
1253,1.0,1.0,139,142,24,24,15
1254,1.0,1.0,139,143,24,24,20
1255,1.0,1.0,139,144,24,24,25
1256,1.0,1.0,139,145,24,24,30
1257,1.0,1.0,139,146,24,24,35
1258,1.0,1.0,139,147,24,26,40
1259,1.0,1.0,139,148,24,26,45
1260,1.0,1.0,140,141,24,24,5
1261,1.0,1.0,140,142,24,24,10
1262,1.0,1.0,140,143,24,24,15
1263,1.0,1.0,140,144,24,24,20
1264,1.0,1.0,140,145,24,24,25
1265,1.0,1.0,140,146,24,24,30
1266,1.0,1.0,140,147,24,26,35
1267,1.0,1.0,140,148,24,26,40
1268,1.0,1.0,140,149,24,27,45
1269,1.0,1.0,141,142,24,24,5
1270,1.0,1.0,141,143,24,24,10
1271,1.0,1.0,141,144,24,24,15
1272,1.0,1.0,141,145,24,24,20
1273,1.0,1.0,141,146,24,24,25
1274,1.0,1.0,141,147,24,26,30
1275,1.0,1.0,141,148,24,26,35
1276,1.0,1.0,141,149,24,27,40
1277,1.0,1.0,141,150,24,27,45
1278,1.0,1.0,142,143,24,24,5
1279,1.0,1.0,142,144,24,24,10
1280,1.0,1.0,142,145,24,24,15
1281,1.0,1.0,142,146,24,24,20
1282,1.0,1.0,142,147,24,26,25
1283,1.0,1.0,142,148,24,26,30
1284,1.0,1.0,142,149,24,27,35
1285,1.0,1.0,142,150,24,27,40
1286,1.0,1.0,142,151,24,28,45
1287,1.0,1.0,143,144,24,24,5
1288,1.0,1.0,143,145,24,24,10
1289,1.0,1.0,143,146,24,24,15
1290,1.0,1.0,143,147,24,26,20
1291,1.0,1.0,143,148,24,26,25
1292,1.0,1.0,143,149,24,27,30
1293,1.0,1.0,143,150,24,27,35
1294,1.0,1.0,143,151,24,28,40
1295,1.0,1.0,143,152,24,28,45
1296,1.0,1.0,144,145,24,24,5
1297,1.0,1.0,144,146,24,24,10
1298,1.0,1.0,144,147,24,26,15
1299,1.0,1.0,144,148,24,26,20
1300,1.0,1.0,144,149,24,27,25
1301,1.0,1.0,144,150,24,27,30
1302,1.0,1.0,144,151,24,28,35
1303,1.0,1.0,144,152,24,28,40
1304,1.0,0.9970238095238095,144,153,24,28,45
1305,1.0,1.0,145,146,24,24,5
1306,1.0,1.0,145,147,24,26,10
1307,1.0,1.0,145,148,24,26,15
1308,1.0,1.0,145,149,24,27,20
1309,1.0,1.0,145,150,24,27,25
1310,1.0,1.0,145,151,24,28,30
1311,1.0,1.0,145,152,24,28,35
1312,1.0,0.9970238095238095,145,153,24,28,40
1313,1.0,0.9970238095238095,145,154,24,28,45
1314,1.0,1.0,146,147,24,26,5
1315,1.0,1.0,146,148,24,26,10
1316,1.0,1.0,146,149,24,27,15
1317,1.0,1.0,146,150,24,27,20
1318,1.0,1.0,146,151,24,28,25
1319,1.0,1.0,146,152,24,28,30
1320,1.0,1.0,146,153,24,28,35
1321,1.0,0.9970238095238095,146,154,24,28,40
1322,1.0,0.9971264367816092,146,155,24,29,45
1323,1.0,1.0,147,148,26,26,5
1324,1.0,1.0,147,149,26,27,10
1325,1.0,1.0,147,150,26,27,15
1326,1.0,1.0,147,151,26,28,20
1327,1.0,1.0,147,152,26,28,25
1328,1.0,1.0,147,153,26,28,30
1329,1.0,0.9972527472527473,147,154,26,28,35
1330,1.0,0.9973474801061007,147,155,26,29,40
1331,1.0,0.9973474801061007,147,156,26,29,45
1332,1.0,1.0,148,149,26,27,5
1333,1.0,1.0,148,150,26,27,10
1334,1.0,1.0,148,151,26,28,15
1335,1.0,1.0,148,152,26,28,20
1336,1.0,1.0,148,153,26,28,25
1337,1.0,0.9972527472527473,148,154,26,28,30
1338,1.0,0.9973474801061007,148,155,26,29,35
1339,1.0,0.9973474801061007,148,156,26,29,40
1340,1.0,0.9973474801061007,148,157,26,29,45
1341,1.0,1.0,149,150,27,27,5
1342,1.0,1.0,149,151,27,28,10
1343,1.0,1.0,149,152,27,28,15
1344,1.0,1.0,149,153,27,28,20
1345,1.0,1.0,149,154,27,28,25
1346,1.0,1.0,149,155,27,29,30
1347,1.0,1.0,149,156,27,29,35
1348,1.0,1.0,149,157,27,29,40
1349,1.0,1.0,149,158,27,30,45
1350,1.0,1.0,150,151,27,28,5
1351,1.0,1.0,150,152,27,28,10
1352,1.0,1.0,150,153,27,28,15
1353,1.0,1.0,150,154,27,28,20
1354,1.0,1.0,150,155,27,29,25
1355,1.0,1.0,150,156,27,29,30
1356,1.0,1.0,150,157,27,29,35
1357,1.0,1.0,150,158,27,30,40
1358,1.0,0.997610513739546,150,159,27,31,45
1359,1.0,1.0,151,152,28,28,5
1360,1.0,1.0,151,153,28,28,10
1361,1.0,1.0,151,154,28,28,15
1362,1.0,1.0,151,155,28,29,20
1363,1.0,1.0,151,156,28,29,25
1364,1.0,0.9975369458128078,151,157,28,29,30
1365,0.9976190328598022,0.9976190476190476,151,158,28,30,35
1366,0.9976958632469177,0.9953917050691244,151,159,28,31,40
1367,0.9976958632469177,0.9953917050691244,151,160,28,31,45
1368,1.0,1.0,152,153,28,28,5
1369,1.0,1.0,152,154,28,28,10
1370,1.0,1.0,152,155,28,29,15
1371,1.0,1.0,152,156,28,29,20
1372,0.9975369572639465,0.9975369458128078,152,157,28,29,25
1373,0.9976190328598022,0.9976190476190476,152,158,28,30,30
1374,0.9976958632469177,0.9953917050691244,152,159,28,31,35
1375,0.9976958632469177,0.9953917050691244,152,160,28,31,40
1376,0.9976958632469177,0.9953917050691244,152,161,28,31,45
1377,1.0,1.0,153,154,28,28,5
1378,1.0,1.0,153,155,28,29,10
1379,1.0,1.0,153,156,28,29,15
1380,1.0,0.9975369458128078,153,157,28,29,20
1381,0.9976190328598022,0.9976190476190476,153,158,28,30,25
1382,0.9976958632469177,0.9953917050691244,153,159,28,31,30
1383,0.9976958632469177,0.9953917050691244,153,160,28,31,35
1384,0.9976958632469177,0.9953917050691244,153,161,28,31,40
1385,0.9956709742546082,0.9956709956709957,153,162,28,33,45
1386,1.0,1.0,154,155,28,29,5
1387,1.0,1.0,154,156,28,29,10
1388,1.0,0.9975369458128078,154,157,28,29,15
1389,0.9976190328598022,0.9976190476190476,154,158,28,30,20
1390,0.9976958632469177,0.9953917050691244,154,159,28,31,25
1391,0.9953917264938354,0.9953917050691244,154,160,28,31,30
1392,0.9953917264938354,0.9953917050691244,154,161,28,31,35
1393,0.9956709742546082,0.9956709956709957,154,162,28,33,40
1394,0.9956709742546082,0.9956709956709957,154,163,28,33,45
1395,1.0,1.0,155,156,29,29,5
1396,1.0,1.0,155,157,29,29,10
1397,0.9977011680603027,1.0,155,158,29,30,15
1398,0.9977753162384033,0.9977753058954394,155,159,29,31,20
1399,0.9977753162384033,0.9977753058954394,155,160,29,31,25
1400,0.9977753162384033,0.9977753058954394,155,161,29,31,30
1401,0.9958202838897705,0.9958202716823407,155,162,29,33,35
1402,0.9958202838897705,0.9958202716823407,155,163,29,33,40
1403,0.9898580312728882,0.9878296146044625,155,164,29,34,45
1404,1.0,1.0,156,157,29,29,5
1405,0.9977011680603027,1.0,156,158,29,30,10
1406,0.9955506324768066,0.9977753058954394,156,159,29,31,15
1407,0.9977753162384033,0.9977753058954394,156,160,29,31,20
1408,0.9977753162384033,0.9977753058954394,156,161,29,31,25
1409,0.9958202838897705,0.9958202716823407,156,162,29,33,30
1410,0.9958202838897705,0.9958202716823407,156,163,29,33,35
1411,0.9959431886672974,0.9918864097363083,156,164,29,34,40
1412,0.9918864369392395,0.9878296146044625,156,165,29,34,45
1413,1.0,1.0,157,158,29,30,5
1414,0.9977753162384033,0.9977753058954394,157,159,29,31,10
1415,0.9977753162384033,0.9977753058954394,157,160,29,31,15
1416,0.9977753162384033,0.9977753058954394,157,161,29,31,20
1417,0.9979101419448853,0.9979101358411703,157,162,29,33,25
1418,0.9979101419448853,0.9979101358411703,157,163,29,33,30
1419,0.9979715943336487,0.9959432048681541,157,164,29,34,35
1420,0.993914783000946,0.9959432048681541,157,165,29,34,40
1421,0.9940886497497559,0.9921182266009853,157,166,29,35,45
1422,1.0,1.0,158,159,30,31,5
1423,1.0,0.9935483870967742,158,160,30,31,10
1424,1.0,0.9956989247311828,158,161,30,31,15
1425,0.9979798197746277,0.997979797979798,158,162,30,33,20
1426,0.9979798197746277,0.997979797979798,158,163,30,33,25
1427,0.998039186000824,0.996078431372549,158,164,30,34,30
1428,0.998039186000824,0.9921568627450981,158,165,30,34,35
1429,0.9942857027053833,0.9923809523809524,158,166,30,35,40
1430,0.9923809766769409,0.9923809523809524,158,167,30,35,45
1431,1.0,1.0,159,160,31,31,5
1432,1.0,1.0,159,161,31,31,10
1433,1.0,1.0,159,162,31,33,15
1434,1.0,1.0,159,163,31,33,20
1435,1.0,0.9924098671726755,159,164,31,34,25
1436,1.0,0.9924098671726755,159,165,31,34,30
1437,1.0,0.9981566820276497,159,166,31,35,35
1438,0.9981566667556763,0.9944700460829493,159,167,31,35,40
1439,0.9981566667556763,0.9944700460829493,159,168,31,35,45
1440,1.0,1.0,160,161,31,31,5
1441,1.0,1.0,160,162,31,33,10
1442,1.0,1.0,160,163,31,33,15
1443,1.0,0.9924098671726755,160,164,31,34,20
1444,1.0,0.9924098671726755,160,165,31,34,25
1445,1.0,0.9981566820276497,160,166,31,35,30
1446,1.0,0.9944700460829493,160,167,31,35,35
1447,1.0,0.9944700460829493,160,168,31,35,40
1448,0.9964157938957214,0.9946236559139785,160,169,31,36,45
1449,1.0,1.0,161,162,31,33,5
1450,1.0,1.0,161,163,31,33,10
1451,1.0,0.9924098671726755,161,164,31,34,15
1452,1.0,0.9943074003795066,161,165,31,34,20
1453,1.0,0.9981566820276497,161,166,31,35,25
1454,1.0,0.9981566820276497,161,167,31,35,30
1455,1.0,0.9944700460829493,161,168,31,35,35
1456,0.9964157938957214,0.9946236559139785,161,169,31,36,40
1457,0.9964157938957214,0.9946236559139785,161,170,31,36,45
1458,1.0,1.0,162,163,33,33,5
1459,1.0,0.9928698752228164,162,164,33,34,10
1460,1.0,0.9946524064171123,162,165,33,34,15
1461,1.0,0.9982683982683983,162,166,33,35,20
1462,1.0,0.9982683982683983,162,167,33,35,25
1463,1.0,0.9982683982683983,162,168,33,35,30
1464,0.9983165264129639,0.9932659932659933,162,169,33,36,35
1465,0.9983165264129639,0.9932659932659933,162,170,33,36,40
1466,0.9983165264129639,0.9932659932659933,162,171,33,36,45
1467,1.0,0.9928698752228164,163,164,33,34,5
1468,1.0,0.9946524064171123,163,165,33,34,10
1469,1.0,0.9982683982683983,163,166,33,35,15
1470,1.0,0.9982683982683983,163,167,33,35,20
1471,1.0,0.9982683982683983,163,168,33,35,25
1472,1.0,0.9983164983164983,163,169,33,36,30
1473,1.0,0.9983164983164983,163,170,33,36,35
1474,0.9983165264129639,0.9983164983164983,163,171,33,36,40
1475,0.9983165264129639,0.9983164983164983,163,172,33,36,45
1476,1.0,1.0,164,165,34,34,5
1477,1.0,1.0,164,166,34,35,10
1478,1.0,1.0,164,167,34,35,15
1479,1.0,1.0,164,168,34,35,20
1480,1.0,1.0,164,169,34,36,25
1481,1.0,1.0,164,170,34,36,30
1482,1.0,1.0,164,171,34,36,35
1483,1.0,0.9967320261437909,164,172,34,36,40
1484,1.0,0.9967320261437909,164,173,34,36,45
1485,1.0,1.0,165,166,34,35,5
1486,1.0,1.0,165,167,34,35,10
1487,1.0,1.0,165,168,34,35,15
1488,1.0,1.0,165,169,34,36,20
1489,1.0,1.0,165,170,34,36,25
1490,1.0,1.0,165,171,34,36,30
1491,1.0,0.9967320261437909,165,172,34,36,35
1492,1.0,0.9967320261437909,165,173,34,36,40
1493,1.0,0.9967320261437909,165,174,34,36,45
1494,1.0,1.0,166,167,35,35,5
1495,1.0,1.0,166,168,35,35,10
1496,1.0,1.0,166,169,35,36,15
1497,1.0,1.0,166,170,35,36,20
1498,1.0,1.0,166,171,35,36,25
1499,1.0,0.9968253968253968,166,172,35,36,30
1500,1.0,0.9968253968253968,166,173,35,36,35
1501,1.0,0.9968253968253968,166,174,35,36,40
1502,1.0,0.9938223938223938,166,175,35,37,45
1503,1.0,1.0,167,168,35,35,5
1504,1.0,1.0,167,169,35,36,10
1505,1.0,1.0,167,170,35,36,15
1506,1.0,1.0,167,171,35,36,20
1507,1.0,0.9968253968253968,167,172,35,36,25
1508,1.0,0.9968253968253968,167,173,35,36,30
1509,1.0,0.9968253968253968,167,174,35,36,35
1510,1.0,0.9969111969111969,167,175,35,37,40
1511,0.9969111680984497,0.9938223938223938,167,176,35,37,45
1512,1.0,1.0,168,169,35,36,5
1513,1.0,1.0,168,170,35,36,10
1514,1.0,1.0,168,171,35,36,15
1515,1.0,0.9968253968253968,168,172,35,36,20
1516,1.0,0.9968253968253968,168,173,35,36,25
1517,1.0,0.9968253968253968,168,174,35,36,30
1518,1.0,0.9969111969111969,168,175,35,37,35
1519,0.9969111680984497,0.9938223938223938,168,176,35,37,40
1520,0.9969111680984497,0.9938223938223938,168,177,35,37,45
1521,1.0,1.0,169,170,36,36,5
1522,1.0,1.0,169,171,36,36,10
1523,1.0,0.9969135802469136,169,172,36,36,15
1524,1.0,0.9969135802469136,169,173,36,36,20
1525,1.0,0.9969135802469136,169,174,36,36,25
1526,1.0,0.996996996996997,169,175,36,37,30
1527,0.9969969987869263,0.993993993993994,169,176,36,37,35
1528,0.9969969987869263,0.993993993993994,169,177,36,37,40
1529,1.0,0.9941520467836257,169,178,36,38,45
1530,1.0,1.0,170,171,36,36,5
1531,1.0,0.9969135802469136,170,172,36,36,10
1532,1.0,0.9969135802469136,170,173,36,36,15
1533,1.0,0.9969135802469136,170,174,36,36,20
1534,1.0,0.996996996996997,170,175,36,37,25
1535,1.0,0.993993993993994,170,176,36,37,30
1536,1.0,0.993993993993994,170,177,36,37,35
1537,1.0,0.9941520467836257,170,178,36,38,40
1538,0.9985380172729492,0.9941520467836257,170,179,36,38,45
1539,1.0,0.9969135802469136,171,172,36,36,5
1540,1.0,0.9969135802469136,171,173,36,36,10
1541,1.0,0.9969135802469136,171,174,36,36,15
1542,1.0,0.996996996996997,171,175,36,37,20
1543,1.0,0.9954954954954955,171,176,36,37,25
1544,1.0,0.993993993993994,171,177,36,37,30
1545,1.0,0.9941520467836257,171,178,36,38,35
1546,1.0,0.9941520467836257,171,179,36,38,40
1547,1.0,1.0,172,173,36,36,5
1548,1.0,1.0,172,174,36,36,10
1549,1.0,1.0,172,175,36,37,15
1550,1.0,0.996996996996997,172,176,36,37,20
1551,1.0,0.996996996996997,172,177,36,37,25
1552,1.0,0.9970760233918129,172,178,36,38,30
1553,1.0,0.9970760233918129,172,179,36,38,35
1554,1.0,1.0,173,174,36,36,5
1555,1.0,1.0,173,175,36,37,10
1556,1.0,0.996996996996997,173,176,36,37,15
1557,1.0,0.996996996996997,173,177,36,37,20
1558,1.0,0.9970760233918129,173,178,36,38,25
1559,1.0,0.9970760233918129,173,179,36,38,30
1560,1.0,1.0,174,175,36,37,5
1561,1.0,0.9984984984984985,174,176,36,37,10
1562,1.0,0.996996996996997,174,177,36,37,15
1563,1.0,0.9970760233918129,174,178,36,38,20
1564,1.0,0.9970760233918129,174,179,36,38,25
1565,1.0,1.0,175,176,37,37,5
1566,1.0,1.0,175,177,37,37,10
1567,1.0,1.0,175,178,37,38,15
1568,1.0,1.0,175,179,37,38,20
1569,1.0,1.0,176,177,37,37,5
1570,1.0,1.0,176,178,37,38,10
1571,1.0,1.0,176,179,37,38,15
1572,1.0,1.0,177,178,37,38,5
1573,1.0,1.0,177,179,37,38,10
1574,1.0,1.0,178,179,38,38,5
